"ATP","Location","Tournament","Date","Series","Court","Surface","Round","Best of","Winner","Loser","WRank","LRank","WPts","LPts","W1","L1","W2","L2","W3","L3","W4","L4","W5","L5","Wsets","Lsets","Comment","B365W","B365L","PSW","PSL","MaxW","MaxL","AvgW","AvgL"
"1","Adelaide","Adelaide International 1","1/1/2023","ATP250","Outdoor","Hard","1st Round","3","Giron M.","Gasquet R.","61","68","776","740","7","6","6","7","7","5","","","","","2","1","Completed","1.91","1.91","1.93","1.95","1.99","1.95","1.89","1.89"
"1","Adelaide","Adelaide International 1","1/1/2023","ATP250","Outdoor","Hard","1st Round","3","Mcdonald M.","Galan D.E.","63","67","775","741","6","3","","","","","","","","","1","0","Retired","1.36","3.2","1.39","3.25","1.44","3.4","1.36","3.12"
"1","Adelaide","Adelaide International 1","1/2/2023","ATP250","Outdoor","Hard","1st Round","3","Kecmanovic M.","O Connell C.","29","78","1420","652","6","4","6","4","","","","","","","2","0","Completed","1.57","2.38","1.58","2.53","1.64","2.53","1.58","2.36"
"1","Adelaide","Adelaide International 1","1/2/2023","ATP250","Outdoor","Hard","1st Round","3","Nishioka Y.","Rune H.","36","11","1134","2888","2","6","6","4","6","4","","","","","2","1","Completed","3.75","1.29","4","1.28","4","1.31","3.56","1.29"
"1","Adelaide","Adelaide International 1","1/2/2023","ATP250","Outdoor","Hard","1st Round","3","Popyrin A.","Auger-Aliassime F.","120","6","469","4195","6","4","7","6","","","","","","","2","0","Completed","6.5","1.11","6.2","1.15","6.75","1.18","6.04","1.13"
"1","Adelaide","Adelaide International 1","1/2/2023","ATP250","Outdoor","Hard","1st Round","3","Halys Q.","Thompson J.","64","84","767","626","6","3","6","4","","","","","","","2","0","Completed","2.1","1.73","2.14","1.78","2.15","1.83","2.08","1.74"
"1","Adelaide","Adelaide International 1","1/2/2023","ATP250","Outdoor","Hard","1st Round","3","Safiullin R.","Ymer M.","88","69","606","739","6","4","6","2","","","","","","","2","0","Completed","2.2","1.67","2.27","1.7","2.36","1.71","2.2","1.65"
"1","Adelaide","Adelaide International 1","1/2/2023","ATP250","Outdoor","Hard","1st Round","3","Draper J.","Kwon S.W.","42","83","990","630","6","2","6","1","","","","","","","2","0","Completed","1.67","2.2","1.69","2.29","1.7","2.4","1.65","2.22"
"1","Adelaide","Adelaide International 1","1/2/2023","ATP250","Outdoor","Hard","1st Round","3","Kokkinakis T.","Cressy M.","93","34","592","1163","7","6","7","6","","","","","","","2","0","Completed","1.91","1.91","1.97","1.92","2","2.12","1.9","1.89"
"1","Adelaide","Adelaide International 1","1/3/2023","ATP250","Outdoor","Hard","1st Round","3","Medvedev D.","Sonego L.","7","45","4065","950","7","6","2","1","","","","","","","1","0","Retired","1.11","6.5","1.13","7.18","1.15","7.18","1.12","6.15"
"1","Adelaide","Adelaide International 1","1/3/2023","ATP250","Outdoor","Hard","1st Round","3","Khachanov K.","Cachin P.","20","57","1990","813","6","2","6","4","","","","","","","2","0","Completed","1.17","5","1.18","5.52","1.24","5.52","1.18","4.84"
"1","Adelaide","Adelaide International 1","1/3/2023","ATP250","Outdoor","Hard","1st Round","3","Djokovic N.","Lestienne C.","5","65","4820","760","6","3","6","2","","","","","","","2","0","Completed","1.03","17","1.02","18.89","1.04","18.89","1.02","13.52"
"1","Adelaide","Adelaide International 1","1/3/2023","ATP250","Outdoor","Hard","1st Round","3","Sinner J.","Edmund K.","15","582","2410","52","6","3","6","2","","","","","","","2","0","Completed","1.13","6","1.13","7.01","1.15","7.01","1.12","6.04"
"1","Adelaide","Adelaide International 1","1/3/2023","ATP250","Outdoor","Hard","1st Round","3","Shapovalov D.","Hijikata R.","18","164","2075","344","2","6","6","4","6","3","","","","","2","1","Completed","1.25","4","1.29","3.96","1.29","4.1","1.26","3.82"
"1","Adelaide","Adelaide International 1","1/3/2023","ATP250","Outdoor","Hard","1st Round","3","Bautista Agut R.","Rublev A.","21","8","1940","3930","4","6","6","3","6","4","","","","","2","1","Completed","3","1.4","2.72","1.5","3","1.5","2.71","1.46"
"1","Adelaide","Adelaide International 1","1/3/2023","ATP250","Outdoor","Hard","1st Round","3","Korda S.","Murray A.","33","49","1175","920","7","6","6","3","","","","","","","2","0","Completed","1.57","2.38","1.62","2.44","1.63","2.56","1.58","2.36"
"1","Adelaide","Adelaide International 1","1/4/2023","ATP250","Outdoor","Hard","2nd Round","3","Khachanov K.","Draper J.","20","42","1990","990","6","4","6","2","","","","","","","2","0","Completed","2.3","1.62","2.43","1.63","2.46","1.82","2.25","1.63"
"1","Adelaide","Adelaide International 1","1/4/2023","ATP250","Outdoor","Hard","2nd Round","3","Nishioka Y.","Mcdonald M.","36","63","1134","775","6","4","6","3","","","","","","","2","0","Completed","1.62","2.3","1.69","2.31","1.7","2.45","1.64","2.24"
"1","Adelaide","Adelaide International 1","1/4/2023","ATP250","Outdoor","Hard","2nd Round","3","Medvedev D.","Kecmanovic M.","7","29","4065","1420","6","0","6","3","","","","","","","2","0","Completed","1.14","5.5","1.18","5.66","1.18","6","1.16","5.24"
"1","Adelaide","Adelaide International 1","1/4/2023","ATP250","Outdoor","Hard","2nd Round","3","Popyrin A.","Giron M.","120","61","469","776","4","6","6","4","6","3","","","","","2","1","Completed","1.73","2.1","1.78","2.17","1.85","2.22","1.74","2.09"
"1","Adelaide","Adelaide International 1","1/5/2023","ATP250","Outdoor","Hard","2nd Round","3","Shapovalov D.","Safiullin R.","18","88","2075","606","6","4","6","3","","","","","","","2","0","Completed","1.4","3","1.51","2.78","1.51","3.02","1.45","2.73"
"1","Adelaide","Adelaide International 1","1/5/2023","ATP250","Outdoor","Hard","2nd Round","3","Djokovic N.","Halys Q.","5","64","4820","767","7","6","7","6","","","","","","","2","0","Completed","1.03","15","1.04","19.16","1.03","20.42","1.02","14.1"
"1","Adelaide","Adelaide International 1","1/5/2023","ATP250","Outdoor","Hard","2nd Round","3","Korda S.","Bautista Agut R.","33","21","1175","1940","6","4","6","4","","","","","","","2","0","Completed","1.8","2","1.85","2.06","1.85","2.24","1.79","2.01"
"1","Adelaide","Adelaide International 1","1/5/2023","ATP250","Outdoor","Hard","2nd Round","3","Sinner J.","Kokkinakis T.","15","93","2410","592","7","6","6","4","","","","","","","2","0","Completed","1.25","4","1.27","4.25","1.29","4.25","1.24","3.92"
"1","Adelaide","Adelaide International 1","1/6/2023","ATP250","Outdoor","Hard","Quarterfinals","3","Nishioka Y.","Popyrin A.","36","120","1134","469","7","6","6","7","6","2","","","","","2","1","Completed","1.73","2.1","1.76","2.18","1.77","2.35","1.68","2.16"
"1","Adelaide","Adelaide International 1","1/6/2023","ATP250","Outdoor","Hard","Quarterfinals","3","Korda S.","Sinner J.","33","15","1175","2410","7","5","6","1","","","","","","","2","0","Completed","2.5","1.53","2.51","1.6","2.56","1.6","2.44","1.55"
"1","Adelaide","Adelaide International 1","1/6/2023","ATP250","Outdoor","Hard","Quarterfinals","3","Medvedev D.","Khachanov K.","7","20","4065","1990","6","3","6","3","","","","","","","2","0","Completed","1.25","4","1.26","4.31","1.3","4.31","1.24","3.97"
"1","Adelaide","Adelaide International 1","1/6/2023","ATP250","Outdoor","Hard","Quarterfinals","3","Djokovic N.","Shapovalov D.","5","18","4820","2075","6","3","6","4","","","","","","","2","0","Completed","1.14","5.5","1.17","5.96","1.19","5.96","1.15","5.34"
"1","Adelaide","Adelaide International 1","1/7/2023","ATP250","Outdoor","Hard","Semifinals","3","Korda S.","Nishioka Y.","33","36","1175","1134","7","6","1","0","","","","","","","1","0","Retired","1.33","3.4","1.37","3.39","1.4","3.5","1.33","3.25"
"1","Adelaide","Adelaide International 1","1/7/2023","ATP250","Outdoor","Hard","Semifinals","3","Djokovic N.","Medvedev D.","5","7","4820","4065","6","3","6","4","","","","","","","2","0","Completed","1.53","2.5","1.62","2.47","1.62","2.78","1.54","2.46"
"1","Adelaide","Adelaide International 1","1/8/2023","ATP250","Outdoor","Hard","The Final","3","Djokovic N.","Korda S.","5","33","4820","1175","6","7","7","6","6","4","","","","","2","1","Completed","1.14","5.5","1.16","6.14","1.18","6.14","1.15","5.55"
"2","Pune","Maharashtra Open","1/2/2023","ATP250","Outdoor","Hard","1st Round","3","Bonzi B.","Tseng C.H.","60","115","781","490","6","0","6","3","","","","","","","2","0","Completed","1.4","3","1.43","3.04","1.43","3.1","1.4","2.91"
"2","Pune","Maharashtra Open","1/2/2023","ATP250","Outdoor","Hard","1st Round","3","Carballes Baena R.","Zapata Miralles B.","74","72","695","712","6","1","7","5","","","","","","","2","0","Completed","2","1.8","2.08","1.83","2.1","1.83","2.01","1.78"
"2","Pune","Maharashtra Open","1/2/2023","ATP250","Outdoor","Hard","1st Round","3","Mmoh M.","Dhamne M.","113","N/A","507","N/A","6","2","6","4","","","","","","","2","0","Completed","1.002","41","1.01","38.66","1.02","41","1.01","22.04"
"2","Pune","Maharashtra Open","1/2/2023","ATP250","Outdoor","Hard","1st Round","3","Griekspoor T.","Munar J.","95","58","584","802","6","4","7","5","","","","","","","2","0","Completed","1.8","2","1.88","2.01","1.9","2.03","1.82","1.97"
"2","Pune","Maharashtra Open","1/2/2023","ATP250","Outdoor","Hard","1st Round","3","Djere L.","Molcan A.","70","50","738","895","6","2","6","4","","","","","","","2","0","Completed","1.91","1.91","1.89","2","1.95","2","1.88","1.9"
"2","Pune","Maharashtra Open","1/2/2023","ATP250","Outdoor","Hard","1st Round","3","Cecchinato M.","Basilashvili N.","101","91","562","595","6","2","6","2","","","","","","","2","0","Completed","2.75","1.44","2.87","1.47","3","1.47","2.76","1.44"
"2","Pune","Maharashtra Open","1/2/2023","ATP250","Outdoor","Hard","1st Round","3","Krajinovic F.","Nagal S.","54","503","845","70","6","4","4","6","6","4","","","","","2","1","Completed","1.25","4","1.28","3.99","1.28","4.33","1.25","3.89"
"2","Pune","Maharashtra Open","1/3/2023","ATP250","Outdoor","Hard","1st Round","3","Van Rijthoven T.","Albot R.","111","103","516","559","6","4","6","4","","","","","","","2","0","Completed","1.8","2","1.83","2.08","1.87","2.11","1.79","2.01"
"2","Pune","Maharashtra Open","1/3/2023","ATP250","Outdoor","Hard","1st Round","3","Marterer M.","Ymer E.","159","127","354","444","6","2","3","6","6","3","","","","","2","1","Completed","2.1","1.73","2.06","1.83","2.15","1.83","2.04","1.77"
"2","Pune","Maharashtra Open","1/3/2023","ATP250","Outdoor","Hard","1st Round","3","Martinez P.","Ramanathan R.","62","435","776","98","3","6","7","5","6","3","","","","","2","1","Completed","1.57","2.38","1.66","2.34","1.75","2.4","1.63","2.25"
"2","Pune","Maharashtra Open","1/3/2023","ATP250","Outdoor","Hard","1st Round","3","Karatsev A.","Andujar P.","59","121","795","467","6","1","6","3","","","","","","","2","0","Completed","1.3","3.5","1.31","3.79","1.33","3.79","1.29","3.52"
"2","Pune","Maharashtra Open","1/3/2023","ATP250","Outdoor","Hard","1st Round","3","Cobolli F.","Mukund S.","171","340","335","146","6","4","7","5","","","","","","","2","0","Completed","1.33","3.4","1.37","3.37","1.38","3.53","1.34","3.19"
"2","Pune","Maharashtra Open","1/4/2023","ATP250","Outdoor","Hard","2nd Round","3","Marterer M.","Djere L.","159","70","354","738","7","6","6","2","","","","","","","2","0","Completed","2.38","1.57","2.36","1.67","2.58","1.67","2.38","1.56"
"2","Pune","Maharashtra Open","1/4/2023","ATP250","Outdoor","Hard","2nd Round","3","Karatsev A.","Van Rijthoven T.","59","111","795","516","7","6","7","6","","","","","","","2","0","Completed","1.57","2.38","1.74","2.23","1.76","2.38","1.67","2.19"
"2","Pune","Maharashtra Open","1/4/2023","ATP250","Outdoor","Hard","2nd Round","3","Martinez P.","Baez S.","62","43","776","987","3","6","6","1","6","3","","","","","2","1","Completed","1.91","1.91","1.97","1.93","1.97","1.95","1.91","1.88"
"2","Pune","Maharashtra Open","1/4/2023","ATP250","Outdoor","Hard","2nd Round","3","Griekspoor T.","Cecchinato M.","95","101","584","562","6","4","6","4","","","","","","","2","0","Completed","1.33","3.4","1.31","3.85","1.36","3.85","1.29","3.52"
"2","Pune","Maharashtra Open","1/4/2023","ATP250","Outdoor","Hard","2nd Round","3","Van De Zandschulp B.","Cobolli F.","35","171","1160","335","7","5","6","4","","","","","","","2","0","Completed","1.29","3.75","1.29","3.97","1.3","4.04","1.27","3.72"
"2","Pune","Maharashtra Open","1/4/2023","ATP250","Outdoor","Hard","2nd Round","3","Bonzi B.","Ruusuvuori E.","60","40","781","1011","6","1","7","6","","","","","","","2","0","Completed","2.3","1.62","2.3","1.69","2.45","1.7","2.27","1.62"
"2","Pune","Maharashtra Open","1/4/2023","ATP250","Outdoor","Hard","2nd Round","3","Krajinovic F.","Mmoh M.","54","113","845","507","2","6","6","3","6","4","","","","","2","1","Completed","1.8","2","1.86","2.05","1.86","2.16","1.79","2.01"
"2","Pune","Maharashtra Open","1/4/2023","ATP250","Outdoor","Hard","2nd Round","3","Cilic M.","Carballes Baena R.","17","74","2105","695","6","3","3","6","6","1","","","","","2","1","Completed","1.22","4.33","1.23","4.68","1.25","4.68","1.21","4.28"
"2","Pune","Maharashtra Open","1/5/2023","ATP250","Outdoor","Hard","Quarterfinals","3","Karatsev A.","Martinez P.","59","62","795","776","6","1","6","2","","","","","","","2","0","Completed","1.5","2.63","1.5","2.81","1.54","2.81","1.48","2.63"
"2","Pune","Maharashtra Open","1/5/2023","ATP250","Outdoor","Hard","Quarterfinals","3","Griekspoor T.","Cilic M.","95","17","584","2105","","","","","","","","","","","","","Walkover","2.75","1.44","3.07","1.43","3.07","1.47","2.79","1.43"
"2","Pune","Maharashtra Open","1/5/2023","ATP250","Outdoor","Hard","Quarterfinals","3","Van De Zandschulp B.","Marterer M.","35","159","1160","354","6","4","6","2","","","","","","","2","0","Completed","1.4","3","1.4","3.23","1.47","3.45","1.42","2.83"
"2","Pune","Maharashtra Open","1/5/2023","ATP250","Outdoor","Hard","Quarterfinals","3","Bonzi B.","Krajinovic F.","60","54","781","845","7","6","6","4","","","","","","","2","0","Completed","1.5","2.63","1.6","2.52","1.62","2.65","1.53","2.48"
"2","Pune","Maharashtra Open","1/6/2023","ATP250","Outdoor","Hard","Semifinals","3","Griekspoor T.","Karatsev A.","95","59","584","795","7","6","6","1","","","","","","","2","0","Completed","2.63","1.5","2.53","1.59","2.63","1.62","2.46","1.54"
"2","Pune","Maharashtra Open","1/6/2023","ATP250","Outdoor","Hard","Semifinals","3","Bonzi B.","Van De Zandschulp B.","60","35","781","1160","7","6","6","7","6","1","","","","","2","1","Completed","2.3","1.62","2.25","1.72","2.33","1.72","2.22","1.65"
"2","Pune","Maharashtra Open","1/7/2023","ATP250","Outdoor","Hard","The Final","3","Griekspoor T.","Bonzi B.","95","60","584","781","4","6","7","5","6","3","","","","","2","1","Completed","2.3","1.62","2.31","1.69","2.38","1.73","2.24","1.64"
"3","Adelaide","Adelaide International 2","1/9/2023","ATP250","Outdoor","Hard","1st Round","3","Mcdonald M.","Evans D.","63","27","775","1450","7","5","7","5","","","","","","","2","0","Completed","2.5","1.53","2.57","1.56","2.6","1.56","2.51","1.51"
"3","Adelaide","Adelaide International 2","1/9/2023","ATP250","Outdoor","Hard","1st Round","3","Draper J.","Sonego L.","40","44","1010","950","6","4","6","2","","","","","","","2","0","Completed","1.44","2.75","1.48","2.83","1.48","2.9","1.44","2.75"
"3","Adelaide","Adelaide International 2","1/9/2023","ATP250","Outdoor","Hard","1st Round","3","Kecmanovic M.","Edmund K.","28","583","1420","52","6","4","7","5","","","","","","","2","0","Completed","1.17","5","1.23","4.67","1.23","5","1.2","4.53"
"3","Adelaide","Adelaide International 2","1/9/2023","ATP250","Outdoor","Hard","1st Round","3","Davidovich Fokina A.","Nakashima B.","32","47","1280","927","6","2","7","6","","","","","","","2","0","Completed","2.75","1.44","2.88","1.47","2.95","1.47","2.79","1.43"
"3","Adelaide","Adelaide International 2","1/9/2023","ATP250","Outdoor","Hard","1st Round","3","Kokkinakis T.","Popyrin A.","110","113","522","506","6","0","6","7","7","5","","","","","2","1","Completed","1.73","2.1","1.75","2.18","1.75","2.3","1.7","2.14"
"3","Adelaide","Adelaide International 2","1/10/2023","ATP250","Outdoor","Hard","1st Round","3","Paul T.","O Connell C.","35","79","1185","652","6","4","7","5","","","","","","","2","0","Completed","1.44","2.75","1.51","2.73","1.51","3","1.45","2.71"
"3","Adelaide","Adelaide International 2","1/10/2023","ATP250","Outdoor","Hard","1st Round","3","Millman J.","Ramos-Vinolas A.","148","38","378","1075","4","6","6","3","7","6","","","","","2","1","Completed","1.57","2.38","1.6","2.48","1.61","2.5","1.56","2.41"
"3","Adelaide","Adelaide International 2","1/10/2023","ATP250","Outdoor","Hard","1st Round","3","Haase R.","Bonzi B.","257","50","207","911","7","0","7","6","","","","","","","2","0","Completed","","","","","","","",""
"3","Adelaide","Adelaide International 2","1/10/2023","ATP250","Outdoor","Hard","1st Round","3","Huesler M.A.","Rinderknech A.","55","45","846","947","4","6","7","6","6","4","","","","","2","1","Completed","2.3","1.62","2.16","1.77","2.3","1.8","2.14","1.69"
"3","Adelaide","Adelaide International 2","1/10/2023","ATP250","Outdoor","Hard","1st Round","3","Kwon S.W.","Machac T.","84","115","626","500","6","4","6","4","","","","","","","2","0","Completed","1.8","2","1.93","1.96","2","2.19","1.87","1.92"
"3","Adelaide","Adelaide International 2","1/10/2023","ATP250","Outdoor","Hard","1st Round","3","Ymer M.","Ruusuvuori E.","77","46","694","941","6","4","4","6","6","3","","","","","2","1","Completed","1.8","2","1.74","2.21","1.83","2.25","1.73","2.09"
"3","Adelaide","Adelaide International 2","1/10/2023","ATP250","Outdoor","Hard","1st Round","3","Kubler J.","Etcheverry T.","86","80","613","649","7","6","7","5","","","","","","","2","0","Completed","1.44","2.75","1.44","2.97","1.46","3.39","1.42","2.85"
"3","Adelaide","Adelaide International 2","1/11/2023","ATP250","Outdoor","Hard","2nd Round","3","Davidovich Fokina A.","Millman J.","32","148","1280","378","6","3","6","3","","","","","","","2","0","Completed","1.4","3","1.5","2.89","1.53","3","1.43","2.81"
"3","Adelaide","Adelaide International 2","1/11/2023","ATP250","Outdoor","Hard","2nd Round","3","Draper J.","Paul T.","40","35","1010","1185","6","4","6","4","","","","","","","2","0","Completed","1.8","2","1.88","2.04","1.88","2.1","1.81","2"
"3","Adelaide","Adelaide International 2","1/11/2023","ATP250","Outdoor","Hard","2nd Round","3","Khachanov K.","Huesler M.A.","20","55","1885","846","6","4","6","4","","","","","","","2","0","Completed","1.33","3.4","1.38","3.36","1.39","3.39","1.35","3.19"
"3","Adelaide","Adelaide International 2","1/11/2023","ATP250","Outdoor","Hard","2nd Round","3","Ymer M.","Mcdonald M.","77","63","694","775","3","6","7","6","6","3","","","","","2","1","Completed","1.73","2.1","1.68","2.33","1.74","2.33","1.68","2.19"
"3","Adelaide","Adelaide International 2","1/11/2023","ATP250","Outdoor","Hard","2nd Round","3","Kwon S.W.","Carreno Busta P.","84","15","626","2420","3","6","6","4","6","4","","","","","2","1","Completed","2.63","1.5","2.58","1.57","2.65","1.57","2.55","1.52"
"3","Adelaide","Adelaide International 2","1/11/2023","ATP250","Outdoor","Hard","2nd Round","3","Bautista Agut R.","Haase R.","26","257","1545","207","6","3","3","6","6","3","","","","","2","1","Completed","1.11","6.5","1.1","8.83","1.12","8.83","1.09","7.29"
"3","Adelaide","Adelaide International 2","1/11/2023","ATP250","Outdoor","Hard","2nd Round","3","Kecmanovic M.","Kubler J.","28","86","1420","613","5","7","7","6","6","4","","","","","2","1","Completed","1.53","2.5","1.54","2.66","1.61","2.66","1.52","2.47"
"3","Adelaide","Adelaide International 2","1/11/2023","ATP250","Outdoor","Hard","2nd Round","3","Kokkinakis T.","Rublev A.","110","6","522","3930","6","4","3","6","6","3","","","","","2","1","Completed","3.4","1.33","3.4","1.37","3.6","1.37","3.28","1.33"
"3","Adelaide","Adelaide International 2","1/12/2023","ATP250","Outdoor","Hard","Quarterfinals","3","Draper J.","Khachanov K.","40","20","1010","1885","6","4","7","6","","","","","","","2","0","Completed","2","1.8","1.9","1.99","2.12","2.09","1.91","1.88"
"3","Adelaide","Adelaide International 2","1/12/2023","ATP250","Outdoor","Hard","Quarterfinals","3","Kwon S.W.","Ymer M.","84","77","626","694","6","1","6","2","","","","","","","2","0","Completed","2.2","1.67","2.21","1.75","2.3","1.75","2.17","1.68"
"3","Adelaide","Adelaide International 2","1/12/2023","ATP250","Outdoor","Hard","Quarterfinals","3","Bautista Agut R.","Davidovich Fokina A.","26","32","1545","1280","6","3","6","2","","","","","","","2","0","Completed","1.62","2.3","1.72","2.26","1.72","2.44","1.64","2.23"
"3","Adelaide","Adelaide International 2","1/12/2023","ATP250","Outdoor","Hard","Quarterfinals","3","Kokkinakis T.","Kecmanovic M.","110","28","522","1420","6","3","6","7","6","1","","","","","2","1","Completed","1.62","2.3","1.72","2.26","1.74","2.38","1.65","2.22"
"3","Adelaide","Adelaide International 2","1/13/2023","ATP250","Outdoor","Hard","Semifinals","3","Kwon S.W.","Draper J.","84","40","626","1010","7","6","6","7","6","3","","","","","2","1","Completed","3.2","1.36","3.27","1.39","3.32","1.42","3.07","1.37"
"3","Adelaide","Adelaide International 2","1/13/2023","ATP250","Outdoor","Hard","Semifinals","3","Bautista Agut R.","Kokkinakis T.","26","110","1545","522","7","6","3","6","6","3","","","","","2","1","Completed","1.8","2","1.9","2.01","1.91","2.1","1.83","1.97"
"3","Adelaide","Adelaide International 2","1/14/2023","ATP250","Outdoor","Hard","The Final","3","Kwon S.W.","Bautista Agut R.","84","26","626","1545","6","4","3","6","7","6","","","","","2","1","Completed","2.75","1.44","2.49","1.61","3","1.62","2.58","1.5"
"4","Auckland","ASB Classic","1/8/2023","ATP250","Outdoor","Hard","1st Round","3","Lestienne C.","Cachin P.","65","59","760","809","6","3","6","1","","","","","","","2","0","Completed","1.62","2.3","1.65","2.38","1.71","2.38","1.64","2.23"
"4","Auckland","ASB Classic","1/9/2023","ATP250","Outdoor","Hard","1st Round","3","Goffin D.","Bublik A.","53","36","870","1130","6","3","6","4","","","","","","","2","0","Completed","2.1","1.73","2.28","1.69","2.28","1.8","2.13","1.7"
"4","Auckland","ASB Classic","1/9/2023","ATP250","Outdoor","Hard","1st Round","3","Brooksby J.","Fognini F.","48","57","920","843","6","7","6","1","6","3","","","","","2","1","Completed","1.4","3","1.41","3.13","1.44","3.15","1.39","2.94"
"4","Auckland","ASB Classic","1/9/2023","ATP250","Outdoor","Hard","1st Round","3","Gasquet R.","Pannu K.","67","575","740","54","6","3","6","1","","","","","","","2","0","Completed","1.06","10","1.06","12.25","1.06","12.25","1.05","9.76"
"4","Auckland","ASB Classic","1/9/2023","ATP250","Outdoor","Hard","1st Round","3","Wolf J.J.","Mannarino A.","66","43","746","971","6","4","7","6","","","","","","","2","0","Completed","2","1.8","2.12","1.79","2.12","1.83","2.03","1.77"
"4","Auckland","ASB Classic","1/9/2023","ATP250","Outdoor","Hard","1st Round","3","Barrere G.","Isner J.","88","42","603","980","6","7","7","6","6","3","","","","","2","1","Completed","2.5","1.53","2.39","1.64","2.7","1.64","2.42","1.55"
"4","Auckland","ASB Classic","1/9/2023","ATP250","Outdoor","Hard","1st Round","3","Giron M.","Coria F.","60","76","796","695","6","7","6","4","7","5","","","","","2","1","Completed","1.14","5.5","1.23","4.66","1.25","5.5","1.19","4.71"
"4","Auckland","ASB Classic","1/10/2023","ATP250","Outdoor","Hard","1st Round","3","Eubanks C.","Humbert U.","123","108","462","523","7","6","7","6","","","","","","","2","0","Completed","2.1","1.73","2.14","1.78","2.24","1.81","2.1","1.72"
"4","Auckland","ASB Classic","1/10/2023","ATP250","Outdoor","Hard","1st Round","3","Halys Q.","Molcan A.","64","54","771","850","6","3","6","4","","","","","","","2","0","Completed","1.36","3.2","1.44","2.99","1.44","3.25","1.39","2.93"
"4","Auckland","ASB Classic","1/10/2023","ATP250","Outdoor","Hard","1st Round","3","Lehecka J.","Monteiro T.","78","69","685","729","6","3","7","5","","","","","","","2","0","Completed","1.57","2.38","1.57","2.54","1.58","2.55","1.54","2.43"
"4","Auckland","ASB Classic","1/10/2023","ATP250","Outdoor","Hard","1st Round","3","Shelton B.","Baez S.","92","41","584","987","7","6","6","1","","","","","","","2","0","Completed","1.4","3","1.47","2.86","1.51","3.1","1.43","2.79"
"4","Auckland","ASB Classic","1/10/2023","ATP250","Outdoor","Hard","1st Round","3","Djere L.","Munar J.","70","62","713","777","3","6","6","1","7","6","","","","","2","1","Completed","1.73","2.1","1.78","2.15","1.81","2.21","1.75","2.06"
"4","Auckland","ASB Classic","1/10/2023","ATP250","Outdoor","Hard","2nd Round","3","Giron M.","Wolf J.J.","60","66","796","746","6","4","6","4","","","","","","","2","0","Completed","2.2","1.67","2.34","1.68","2.36","1.7","2.22","1.65"
"4","Auckland","ASB Classic","1/10/2023","ATP250","Outdoor","Hard","2nd Round","3","Brooksby J.","Schwartzman D.","48","25","920","1550","6","1","","","","","","","","","1","0","Retired","1.53","2.5","1.54","2.67","1.57","2.67","1.52","2.51"
"4","Auckland","ASB Classic","1/11/2023","ATP250","Outdoor","Hard","2nd Round","3","Norrie C.","Lehecka J.","12","78","2575","685","6","4","6","7","6","3","","","","","2","1","Completed","1.25","4","1.32","3.72","1.32","4.11","1.28","3.68"
"4","Auckland","ASB Classic","1/11/2023","ATP250","Outdoor","Hard","2nd Round","3","Gasquet R.","Sousa J.","67","82","740","638","7","6","6","2","","","","","","","2","0","Completed","1.36","3.2","1.48","2.87","1.48","3.4","1.41","2.89"
"4","Auckland","ASB Classic","1/11/2023","ATP250","Outdoor","Hard","2nd Round","3","Halys Q.","Shelton B.","64","92","771","584","6","3","6","2","","","","","","","2","0","Completed","1.8","2","1.71","2.27","1.82","2.28","1.73","2.11"
"4","Auckland","ASB Classic","1/11/2023","ATP250","Outdoor","Hard","2nd Round","3","Goffin D.","Eubanks C.","53","123","870","462","6","2","6","4","","","","","","","2","0","Completed","1.57","2.38","1.62","2.46","1.63","2.61","1.54","2.46"
"4","Auckland","ASB Classic","1/11/2023","ATP250","Outdoor","Hard","2nd Round","3","Lestienne C.","Barrere G.","65","88","760","603","1","6","7","6","7","5","","","","","2","1","Completed","1.91","1.91","1.91","2","1.92","2","1.86","1.93"
"4","Auckland","ASB Classic","1/11/2023","ATP250","Outdoor","Hard","2nd Round","3","Djere L.","Ruud C.","70","3","713","5720","3","6","6","3","7","6","","","","","2","1","Completed","5","1.17","5.03","1.21","5.75","1.21","4.82","1.18"
"4","Auckland","ASB Classic","1/12/2023","ATP250","Outdoor","Hard","Quarterfinals","3","Norrie C.","Giron M.","12","60","2575","796","6","1","6","7","6","2","","","","","2","1","Completed","1.29","3.75","1.34","3.61","1.34","3.66","1.31","3.47"
"4","Auckland","ASB Classic","1/12/2023","ATP250","Outdoor","Hard","Quarterfinals","3","Brooksby J.","Halys Q.","48","64","920","771","7","6","7","6","","","","","","","2","0","Completed","1.91","1.91","1.93","1.97","2.06","2.1","1.86","1.93"
"4","Auckland","ASB Classic","1/12/2023","ATP250","Outdoor","Hard","Quarterfinals","3","Gasquet R.","Goffin D.","67","53","740","870","1","6","6","1","6","1","","","","","2","1","Completed","2.3","1.62","2.39","1.65","2.5","1.68","2.27","1.62"
"4","Auckland","ASB Classic","1/12/2023","ATP250","Outdoor","Hard","Quarterfinals","3","Lestienne C.","Djere L.","65","70","760","713","2","6","7","6","7","5","","","","","2","1","Completed","2.2","1.67","2.27","1.71","2.28","1.86","2.16","1.69"
"4","Auckland","ASB Classic","1/13/2023","ATP250","Outdoor","Hard","Semifinals","3","Norrie C.","Brooksby J.","12","48","2575","920","6","3","6","4","","","","","","","2","0","Completed","1.36","3.2","1.39","3.29","1.46","3.36","1.35","3.15"
"4","Auckland","ASB Classic","1/13/2023","ATP250","Outdoor","Hard","Semifinals","3","Gasquet R.","Lestienne C.","67","65","740","760","","","","","","","","","","","","","Walkover","1.5","2.63","1.48","2.88","1.57","2.88","1.47","2.7"
"4","Auckland","ASB Classic","1/14/2023","ATP250","Outdoor","Hard","The Final","3","Gasquet R.","Norrie C.","67","12","740","2575","4","6","6","4","6","4","","","","","2","1","Completed","3.75","1.29","4.18","1.27","4.18","1.3","3.83","1.26"
"5","Melbourne","Australian Open","1/16/2023","Grand Slam","Outdoor","Hard","1st Round","5","Moutet C.","Wu Y.","62","114","790","494","6","4","5","7","6","2","4","6","7","5","3","2","Completed","2.38","1.57","2.4","1.65","2.4","1.66","2.33","1.61"
"5","Melbourne","Australian Open","1/16/2023","Grand Slam","Outdoor","Hard","1st Round","5","Watanuki Y.","Rinderknech A.","138","59","413","807","6","3","6","3","6","2","","","","","3","0","Completed","2.3","1.62","2.18","1.77","2.45","1.77","2.28","1.64"
"5","Melbourne","Australian Open","1/16/2023","Grand Slam","Outdoor","Hard","1st Round","5","Van De Zandschulp B.","Ivashka I.","34","73","1205","705","6","3","3","6","7","5","6","3","","","3","1","Completed","1.36","3.2","1.47","2.91","1.52","3.3","1.39","3.03"
"5","Melbourne","Australian Open","1/16/2023","Grand Slam","Outdoor","Hard","1st Round","5","Etcheverry T.","Barrere G.","79","83","649","635","3","6","6","3","6","4","6","4","","","3","1","Completed","2.3","1.62","2.43","1.63","2.55","1.67","2.36","1.6"
"5","Melbourne","Australian Open","1/16/2023","Grand Slam","Outdoor","Hard","1st Round","5","Sinner J.","Edmund K.","16","581","2375","52","6","4","6","0","6","2","","","","","3","0","Completed","1.06","10","1.05","15.72","1.07","15.72","1.05","11.18"
"5","Melbourne","Australian Open","1/16/2023","Grand Slam","Outdoor","Hard","1st Round","5","Cerundolo F.","Pella G.","29","181","1383","318","6","4","6","4","6","3","","","","","3","0","Completed","1.13","6","1.17","6.06","1.2","6.06","1.15","5.58"
"5","Melbourne","Australian Open","1/16/2023","Grand Slam","Outdoor","Hard","1st Round","5","Shang J.","Otte O.","194","74","289","701","6","2","6","4","6","7","7","5","","","3","1","Completed","2.75","1.44","2.86","1.48","3","1.5","2.79","1.44"
"5","Melbourne","Australian Open","1/16/2023","Grand Slam","Outdoor","Hard","1st Round","5","Hurkacz H.","Martinez P.","11","60","2860","801","7","6","6","2","6","2","","","","","3","0","Completed","1.06","10","1.06","13.22","1.06","13.22","1.05","10.6"
"5","Melbourne","Australian Open","1/16/2023","Grand Slam","Outdoor","Hard","1st Round","5","Korda S.","Garin C.","31","87","1325","606","6","4","1","6","6","3","6","2","","","3","1","Completed","1.08","8","1.1","9.05","1.11","9.25","1.08","8.1"
"5","Melbourne","Australian Open","1/16/2023","Grand Slam","Outdoor","Hard","1st Round","5","Nishioka Y.","Ymer M.","33","69","1212","751","6","4","6","2","7","5","","","","","3","0","Completed","1.91","1.91","2.02","1.88","2.04","2","1.94","1.86"
"5","Melbourne","Australian Open","1/16/2023","Grand Slam","Outdoor","Hard","1st Round","5","Shapovalov D.","Lajovic D.","22","86","1830","626","6","4","4","6","6","4","6","1","","","3","1","Completed","1.08","8","1.09","9.82","1.1","9.82","1.08","8.01"
"5","Melbourne","Australian Open","1/16/2023","Grand Slam","Outdoor","Hard","1st Round","5","Griekspoor T.","Kotov P.","63","117","789","483","6","3","7","6","6","3","","","","","3","0","Completed","1.36","3.2","1.42","3.1","1.42","3.4","1.37","3.13"
"5","Melbourne","Australian Open","1/16/2023","Grand Slam","Outdoor","Hard","1st Round","5","Mcdonald M.","Nakashima B.","65","49","775","902","7","6","7","6","1","6","6","7","6","4","3","2","Completed","2.5","1.53","2.59","1.56","2.72","1.6","2.54","1.52"
"5","Melbourne","Australian Open","1/16/2023","Grand Slam","Outdoor","Hard","1st Round","5","Khachanov K.","Zapata Miralles B.","20","72","1885","712","7","6","6","2","6","0","","","","","3","0","Completed","1.07","9","1.06","13","1.09","13","1.06","9.77"
"5","Melbourne","Australian Open","1/16/2023","Grand Slam","Outdoor","Hard","1st Round","5","Tiafoe F.","Altmaier D.","17","92","2260","584","6","3","6","3","6","7","7","6","","","3","1","Completed","1.1","7","1.1","8.65","1.12","8.65","1.1","7.19"
"5","Melbourne","Australian Open","1/16/2023","Grand Slam","Outdoor","Hard","1st Round","5","Nadal R.","Draper J.","2","38","5770","1020","7","5","2","6","6","4","6","1","","","3","1","Completed","1.36","3.2","1.44","3.02","1.44","3.3","1.39","3.02"
"5","Melbourne","Australian Open","1/16/2023","Grand Slam","Outdoor","Hard","1st Round","5","Daniel T.","Escobedo E.","94","313","572","163","7","5","6","2","3","6","6","3","","","3","1","Completed","1.57","2.38","1.57","2.57","1.63","2.57","1.57","2.43"
"5","Melbourne","Australian Open","1/16/2023","Grand Slam","Outdoor","Hard","1st Round","5","Sonego L.","Borges N.","47","111","925","512","7","6","6","3","6","7","6","1","","","3","1","Completed","1.3","3.5","1.37","3.37","1.38","3.6","1.34","3.27"
"5","Melbourne","Australian Open","1/16/2023","Grand Slam","Outdoor","Hard","1st Round","5","Lehecka J.","Coric B.","71","23","717","1760","6","3","6","3","6","3","","","","","3","0","Completed","3.2","1.36","3.34","1.38","3.34","1.39","3.2","1.35"
"5","Melbourne","Australian Open","1/16/2023","Grand Slam","Outdoor","Hard","1st Round","5","Kubler J.","Baez S.","84","44","633","975","6","4","6","4","6","4","","","","","3","0","Completed","1.33","3.4","1.36","3.48","1.36","3.66","1.33","3.38"
"5","Melbourne","Australian Open","1/16/2023","Grand Slam","Outdoor","Hard","1st Round","5","Svrcina D.","Munar J.","216","64","249","777","6","3","6","2","6","2","","","","","3","0","Completed","2.75","1.44","2.74","1.52","2.8","1.52","2.64","1.48"
"5","Melbourne","Australian Open","1/16/2023","Grand Slam","Outdoor","Hard","1st Round","5","Millman J.","Huesler M.A.","140","51","410","866","6","7","7","5","6","7","6","2","6","3","3","2","Completed","2.2","1.67","2.25","1.72","2.3","1.78","2.18","1.69"
"5","Melbourne","Australian Open","1/16/2023","Grand Slam","Outdoor","Hard","1st Round","5","Eubanks C.","Kwon S.W.","116","52","487","862","6","3","6","7","6","3","4","6","6","4","3","2","Completed","2.38","1.57","2.65","1.55","2.65","1.62","2.38","1.58"
"5","Melbourne","Australian Open","1/16/2023","Grand Slam","Outdoor","Hard","1st Round","5","Fucsovics M.","Coria F.","78","76","687","695","4","6","7","5","2","6","7","6","6","2","3","2","Completed","1.14","5.5","1.17","5.96","1.22","6","1.16","5.38"
"5","Melbourne","Australian Open","1/16/2023","Grand Slam","Outdoor","Hard","1st Round","5","Molcan A.","Wawrinka S.","53","139","850","412","6","7","6","3","1","6","7","6","6","4","3","2","Completed","3.75","1.29","3.89","1.3","4","1.31","3.7","1.28"
"5","Melbourne","Australian Open","1/16/2023","Grand Slam","Outdoor","Hard","1st Round","5","Hijikata R.","Hanfmann Y.","169","128","344","435","4","6","4","6","6","3","7","6","6","3","3","2","Completed","2","1.8","1.98","1.93","2.1","1.93","1.98","1.83"
"5","Melbourne","Australian Open","1/16/2023","Grand Slam","Outdoor","Hard","1st Round","5","Norrie C.","Van Assche L.","12","143","2680","403","7","6","6","0","6","3","","","","","3","0","Completed","1.06","10","1.07","11.47","1.09","11.47","1.06","9.17"
"5","Melbourne","Australian Open","1/16/2023","Grand Slam","Outdoor","Hard","1st Round","5","Auger-Aliassime F.","Pospisil V.","7","99","3895","560","1","6","7","6","7","6","6","3","","","3","1","Completed","1.07","9","1.08","10.82","1.08","10.82","1.07","8.87"
"5","Melbourne","Australian Open","1/16/2023","Grand Slam","Outdoor","Hard","1st Round","5","Tsitsipas S.","Halys Q.","4","61","5715","800","6","3","6","4","7","6","","","","","3","0","Completed","1.14","5.5","1.14","6.96","1.18","6.96","1.14","5.69"
"5","Melbourne","Australian Open","1/16/2023","Grand Slam","Outdoor","Hard","1st Round","5","Lestienne C.","Monteiro T.","55","77","842","690","6","3","7","6","6","3","","","","","3","0","Completed","2.1","1.73","2.19","1.76","2.19","1.84","2.08","1.76"
"5","Melbourne","Australian Open","1/16/2023","Grand Slam","Outdoor","Hard","1st Round","5","Harris L.","Musetti L.","186","19","310","1925","6","4","6","1","6","7","2","6","7","6","3","2","Completed","3.4","1.33","3.61","1.34","3.61","1.39","3.35","1.33"
"5","Melbourne","Australian Open","1/16/2023","Grand Slam","Outdoor","Hard","1st Round","5","Medvedev D.","Giron M.","8","56","3860","841","6","0","6","1","6","2","","","","","3","0","Completed","1.03","17","1.04","18.34","1.08","18.34","1.03","13.88"
"5","Melbourne","Australian Open","1/17/2023","Grand Slam","Outdoor","Hard","1st Round","5","Rublev A.","Thiem D.","6","98","3930","561","6","3","6","4","6","2","","","","","3","0","Completed","1.25","4","1.28","4.13","1.3","4.2","1.27","3.84"
"5","Melbourne","Australian Open","1/17/2023","Grand Slam","Outdoor","Hard","1st Round","5","Chardy J.","Galan D.E.","N/A","70","N/A","735","1","6","7","5","6","1","6","4","","","3","1","Completed","3.2","1.36","3.32","1.38","3.38","1.4","3.19","1.36"
"5","Melbourne","Australian Open","1/17/2023","Grand Slam","Outdoor","Hard","1st Round","5","Evans D.","Bagnis F.","30","91","1380","595","6","4","4","6","6","4","6","4","","","3","1","Completed","1.11","6.5","1.14","7.05","1.15","7.05","1.12","6.38"
"5","Melbourne","Australian Open","1/17/2023","Grand Slam","Outdoor","Hard","1st Round","5","Bonzi B.","Bellucci M.","48","152","911","374","4","6","6","3","7","6","6","4","","","3","1","Completed","1.4","3","1.4","3.23","1.42","3.25","1.39","3.01"
"5","Melbourne","Australian Open","1/17/2023","Grand Slam","Outdoor","Hard","1st Round","5","Dimitrov G.","Karatsev A.","28","82","1395","635","7","6","7","5","6","2","","","","","3","0","Completed","1.4","3","1.41","3.17","1.5","3.17","1.4","3"
"5","Melbourne","Australian Open","1/17/2023","Grand Slam","Outdoor","Hard","1st Round","5","Djere L.","Bergs Z.","68","130","758","428","6","4","1","6","6","4","6","1","","","3","1","Completed","1.44","2.75","1.51","2.75","1.54","2.79","1.49","2.63"
"5","Melbourne","Australian Open","1/17/2023","Grand Slam","Outdoor","Hard","1st Round","5","Schwartzman D.","Krutykh O.","26","188","1550","308","6","4","6","7","6","3","7","6","","","3","1","Completed","1.5","2.63","1.58","2.52","1.64","2.78","1.55","2.49"
"5","Melbourne","Australian Open","1/17/2023","Grand Slam","Outdoor","Hard","1st Round","5","Jarry N.","Kecmanovic M.","154","27","370","1445","6","3","6","4","7","6","","","","","3","0","Completed","3.5","1.3","3.87","1.31","3.87","1.35","3.58","1.3"
"5","Melbourne","Australian Open","1/17/2023","Grand Slam","Outdoor","Hard","1st Round","5","Davidovich Fokina A.","Bublik A.","32","36","1325","1130","6","0","6","7","3","6","6","4","6","3","3","2","Completed","1.73","2.1","1.76","2.2","1.82","2.25","1.72","2.13"
"5","Melbourne","Australian Open","1/17/2023","Grand Slam","Outdoor","Hard","1st Round","5","Carreno Busta P.","Cachin P.","15","58","2420","809","7","6","6","1","7","6","","","","","3","0","Completed","1.08","8","1.09","9.27","1.12","9.27","1.08","7.93"
"5","Melbourne","Australian Open","1/17/2023","Grand Slam","Outdoor","Hard","1st Round","5","Wolf J.J.","Thompson J.","67","88","758","604","6","3","3","6","6","4","7","5","","","3","1","Completed","1.57","2.38","1.65","2.39","1.65","2.5","1.61","2.33"
"5","Melbourne","Australian Open","1/17/2023","Grand Slam","Outdoor","Hard","1st Round","5","Fritz T.","Basilashvili N.","9","90","3545","595","6","4","6","2","4","6","7","5","","","3","1","Completed","1.03","17","1.04","16.86","1.04","18","1.03","14.25"
"5","Melbourne","Australian Open","1/17/2023","Grand Slam","Outdoor","Hard","1st Round","5","Rune H.","Krajinovic F.","10","54","2876","845","6","2","6","3","6","4","","","","","3","0","Completed","1.14","5.5","1.18","5.65","1.21","5.65","1.17","5.08"
"5","Melbourne","Australian Open","1/17/2023","Grand Slam","Outdoor","Hard","1st Round","5","Shelton B.","Zhang Zh.","89","96","604","567","4","6","6","3","6","2","2","6","7","6","3","2","Completed","1.4","3","1.46","2.95","1.46","3","1.43","2.87"
"5","Melbourne","Australian Open","1/17/2023","Grand Slam","Outdoor","Hard","1st Round","5","Murray A.","Berrettini M.","66","14","770","2490","6","3","6","3","4","6","6","7","7","6","3","2","Completed","4","1.25","4.62","1.24","4.8","1.26","4.28","1.22"
"5","Melbourne","Australian Open","1/17/2023","Grand Slam","Outdoor","Hard","1st Round","5","Zverev A.","Varillas J. P.","13","103","2560","546","4","6","6","1","5","7","7","6","6","4","3","2","Completed","1.06","10","1.1","8.9","1.1","10","1.08","8.35"
"5","Melbourne","Australian Open","1/17/2023","Grand Slam","Outdoor","Hard","1st Round","5","Paul T.","Struff J.L.","35","167","1160","351","6","1","7","6","6","2","","","","","3","0","Completed","1.4","3","1.4","3.24","1.43","3.24","1.39","3.02"
"5","Melbourne","Australian Open","1/17/2023","Grand Slam","Outdoor","Hard","1st Round","5","Brooksby J.","O Connell C.","39","80","1010","648","3","6","6","2","6","3","6","2","","","3","1","Completed","1.44","2.75","1.49","2.84","1.51","2.96","1.46","2.76"
"5","Melbourne","Australian Open","1/17/2023","Grand Slam","Outdoor","Hard","1st Round","5","De Minaur A.","Hsu Y.","24","209","1710","265","6","2","6","2","6","3","","","","","3","0","Completed","1.04","13","1.06","13.57","1.07","17","1.05","11.41"
"5","Melbourne","Australian Open","1/17/2023","Grand Slam","Outdoor","Hard","1st Round","5","Popyrin A.","Tseng C. H.","113","115","506","490","4","6","7","6","6","7","7","6","6","1","3","2","Completed","1.17","5","1.16","6.33","1.17","6.33","1.15","5.56"
"5","Melbourne","Australian Open","1/17/2023","Grand Slam","Outdoor","Hard","1st Round","5","Ruud C.","Machac T.","3","110","5720","512","6","3","7","6","6","7","6","3","","","3","1","Completed","1.17","5","1.19","5.52","1.22","6.26","1.17","5.1"
"5","Melbourne","Australian Open","1/17/2023","Grand Slam","Outdoor","Hard","1st Round","5","Djokovic N.","Carballes Baena R.","5","75","5070","695","6","3","6","4","6","0","","","","","3","0","Completed","1.01","29","1.02","30.3","1.02","30.3","1.01","19.91"
"5","Melbourne","Australian Open","1/18/2023","Grand Slam","Outdoor","Hard","1st Round","5","Ruusuvuori E.","Purcell M.","46","205","941","268","4","6","6","3","6","4","7","6","","","3","1","Completed","1.36","3.2","1.41","3.18","1.41","3.35","1.35","3.2"
"5","Melbourne","Australian Open","1/18/2023","Grand Slam","Outdoor","Hard","1st Round","5","Humbert U.","Gasquet R.","106","42","523","990","6","3","6","4","6","3","","","","","3","0","Completed","2.1","1.73","2.05","1.86","2.02","2.03","1.86","1.8"
"5","Melbourne","Australian Open","1/18/2023","Grand Slam","Outdoor","Hard","1st Round","5","Kudla D.","Safiullin R.","108","97","522","563","3","6","7","5","7","6","6","3","","","3","1","Completed","3.2","1.36","3.47","1.35","3.47","1.41","3.19","1.36"
"5","Melbourne","Australian Open","1/18/2023","Grand Slam","Outdoor","Hard","1st Round","5","Mmoh M.","Lokoli L.","107","175","523","326","7","6","6","4","6","2","","","","","3","0","Completed","1.53","2.5","","","1.62","2.5","1.58","2.42"
"5","Melbourne","Australian Open","1/18/2023","Grand Slam","Outdoor","Hard","1st Round","5","Mannarino A.","Isner J.","45","43","971","980","6","7","7","6","6","2","6","2","","","3","1","Completed","2","1.8","2.01","1.9","2.16","1.9","2","1.82"
"5","Melbourne","Australian Open","1/18/2023","Grand Slam","Outdoor","Hard","1st Round","5","Holt B.","Vukic A.","215","146","255","384","6","4","1","6","6","3","3","6","6","3","3","2","Completed","2.38","1.57","2.38","1.65","2.45","1.65","2.35","1.6"
"5","Melbourne","Australian Open","1/18/2023","Grand Slam","Outdoor","Hard","1st Round","5","Bautista Agut R.","Sousa J.","25","81","1675","644","6","3","6","2","6","2","","","","","3","0","Completed","1.08","8","1.09","9.27","1.1","9.43","1.08","8.27"
"5","Melbourne","Australian Open","1/18/2023","Grand Slam","Outdoor","Hard","1st Round","5","Couacaud E.","Dellien H.","191","131","302","425","6","4","7","5","6","0","","","","","3","0","Completed","1.11","6.5","1.13","7.08","1.19","7.33","1.13","6.27"
"5","Melbourne","Australian Open","1/18/2023","Grand Slam","Outdoor","Hard","1st Round","5","Cressy M.","Ramos-Vinolas A.","41","37","992","1075","7","6","7","5","3","6","6","3","","","3","1","Completed","1.36","3.2","1.41","3.17","1.41","3.35","1.38","3.06"
"5","Melbourne","Australian Open","1/18/2023","Grand Slam","Outdoor","Hard","1st Round","5","Kokkinakis T.","Fognini F.","159","57","362","823","6","1","6","2","6","2","","","","","3","0","Completed","1.17","5","1.19","5.56","1.22","6","1.18","5"
"5","Melbourne","Australian Open","1/18/2023","Grand Slam","Outdoor","Hard","2nd Round","5","Sinner J.","Etcheverry T.","16","79","2375","649","6","3","6","2","6","2","","","","","3","0","Completed","1.05","11","1.04","17.66","1.07","18","1.04","11.92"
"5","Melbourne","Australian Open","1/18/2023","Grand Slam","Outdoor","Hard","2nd Round","5","Auger-Aliassime F.","Molcan A.","7","53","3895","850","3","6","3","6","6","3","6","2","6","2","3","2","Completed","1.05","11","1.08","11.09","1.1","14","1.07","9.08"
"5","Melbourne","Australian Open","1/18/2023","Grand Slam","Outdoor","Hard","2nd Round","5","Mcdonald M.","Nadal R.","65","2","775","5770","6","4","6","4","7","5","","","","","3","0","Completed","9","1.07","9.06","1.09","9.52","1.12","7.88","1.08"
"5","Melbourne","Australian Open","1/18/2023","Grand Slam","Outdoor","Hard","2nd Round","5","Tiafoe F.","Shang J.","17","194","2260","289","6","4","6","4","6","1","","","","","3","0","Completed","1.14","5.5","1.1","8.34","1.15","8.34","1.11","6.68"
"5","Melbourne","Australian Open","1/18/2023","Grand Slam","Outdoor","Hard","2nd Round","5","Fucsovics M.","Harris L.","78","186","687","310","6","2","6","3","5","7","6","4","","","3","1","Completed","1.8","2","1.91","1.98","1.91","2.05","1.85","1.97"
"5","Melbourne","Australian Open","1/18/2023","Grand Slam","Outdoor","Hard","2nd Round","5","Khachanov K.","Kubler J.","20","84","1885","633","6","4","5","7","6","4","6","2","","","3","1","Completed","1.29","3.75","1.29","3.93","1.3","4.11","1.28","3.73"
"5","Melbourne","Australian Open","1/18/2023","Grand Slam","Outdoor","Hard","2nd Round","5","Medvedev D.","Millman J.","8","140","3860","410","7","5","6","2","6","2","","","","","3","0","Completed","1.02","19","1.02","27.6","1.04","28.58","1.02","17.35"
"5","Melbourne","Australian Open","1/18/2023","Grand Slam","Outdoor","Hard","2nd Round","5","Nishioka Y.","Svrcina D.","33","216","1212","249","6","3","6","4","6","2","","","","","3","0","Completed","1.25","4","1.27","4.24","1.28","4.45","1.24","4.11"
"5","Melbourne","Australian Open","1/18/2023","Grand Slam","Outdoor","Hard","2nd Round","5","Cerundolo F.","Moutet C.","29","62","1383","790","3","6","6","4","6","2","7","5","","","3","1","Completed","1.91","1.91","2.05","1.85","2.05","1.95","1.97","1.85"
"5","Melbourne","Australian Open","1/18/2023","Grand Slam","Outdoor","Hard","2nd Round","5","Shapovalov D.","Daniel T.","22","94","1830","572","6","3","7","6","7","5","","","","","3","0","Completed","1.17","5","1.19","5.48","1.2","5.85","1.17","5.13"
"5","Melbourne","Australian Open","1/18/2023","Grand Slam","Outdoor","Hard","2nd Round","5","Hurkacz H.","Sonego L.","11","47","2860","925","3","6","7","6","2","6","6","3","6","3","3","2","Completed","1.25","4","1.29","4.05","1.34","4.25","1.26","3.91"
"5","Melbourne","Australian Open","1/18/2023","Grand Slam","Outdoor","Hard","2nd Round","5","Tsitsipas S.","Hijikata R.","4","169","5715","344","6","3","6","0","6","2","","","","","3","0","Completed","1.05","11","1.03","19.14","1.08","19.14","1.04","12.14"
"5","Melbourne","Australian Open","1/18/2023","Grand Slam","Outdoor","Hard","2nd Round","5","Korda S.","Watanuki Y.","31","138","1325","413","6","2","7","5","6","4","","","","","3","0","Completed","1.22","4.33","1.21","5.01","1.25","5.01","1.22","4.38"
"5","Melbourne","Australian Open","1/18/2023","Grand Slam","Outdoor","Hard","2nd Round","5","Griekspoor T.","Van De Zandschulp B.","63","34","789","1205","6","4","6","4","6","4","","","","","3","0","Completed","2.1","1.73","2.17","1.78","2.29","1.79","2.11","1.73"
"5","Melbourne","Australian Open","1/18/2023","Grand Slam","Outdoor","Hard","2nd Round","5","Lehecka J.","Eubanks C.","71","116","717","487","6","4","6","4","3","6","6","3","","","3","1","Completed","1.44","2.75","1.46","2.9","1.52","3.01","1.45","2.76"
"5","Melbourne","Australian Open","1/18/2023","Grand Slam","Outdoor","Hard","2nd Round","5","Norrie C.","Lestienne C.","12","55","2680","842","6","3","3","6","7","6","6","3","","","3","1","Completed","1.1","7","1.11","8.07","1.12","8.34","1.1","7.11"
"5","Melbourne","Australian Open","1/19/2023","Grand Slam","Outdoor","Hard","2nd Round","5","Evans D.","Chardy J.","30","N/A","1380","N/A","6","4","6","4","6","1","","","","","3","0","Completed","1.13","6","1.13","7.49","1.19","7.49","1.12","6.27"
"5","Melbourne","Australian Open","1/19/2023","Grand Slam","Outdoor","Hard","2nd Round","5","Paul T.","Davidovich Fokina A.","35","32","1160","1325","6","2","2","6","6","7","6","3","6","4","3","2","Completed","1.5","2.63","1.49","2.84","1.54","2.84","1.49","2.63"
"5","Melbourne","Australian Open","1/19/2023","Grand Slam","Outdoor","Hard","2nd Round","5","Brooksby J.","Ruud C.","39","3","1010","5720","6","3","7","5","6","7","6","2","","","3","1","Completed","3.4","1.33","3.61","1.34","3.64","1.36","3.34","1.33"
"5","Melbourne","Australian Open","1/19/2023","Grand Slam","Outdoor","Hard","2nd Round","5","Rublev A.","Ruusuvuori E.","6","46","3930","941","6","2","6","4","6","7","6","3","","","3","1","Completed","1.22","4.33","1.23","4.69","1.27","5.3","1.21","4.49"
"5","Melbourne","Australian Open","1/19/2023","Grand Slam","Outdoor","Hard","2nd Round","5","Shelton B.","Jarry N.","89","154","604","370","7","6","7","6","7","5","","","","","3","0","Completed","1.8","2","1.85","2.06","1.9","2.24","1.81","2.01"
"5","Melbourne","Australian Open","1/19/2023","Grand Slam","Outdoor","Hard","2nd Round","5","Wolf J.J.","Schwartzman D.","67","26","758","1550","6","1","6","4","6","4","","","","","3","0","Completed","1.53","2.5","1.49","2.83","1.59","2.83","1.51","2.56"
"5","Melbourne","Australian Open","1/19/2023","Grand Slam","Outdoor","Hard","2nd Round","5","Popyrin A.","Fritz T.","113","9","506","3545","6","7","7","6","6","4","6","7","6","2","3","2","Completed","6.5","1.11","8.3","1.11","8.3","1.12","7.16","1.1"
"5","Melbourne","Australian Open","1/19/2023","Grand Slam","Outdoor","Hard","2nd Round","5","Humbert U.","Kudla D.","106","108","523","522","6","2","6","7","6","2","6","4","","","3","1","Completed","1.44","2.75","1.45","2.97","1.49","2.97","1.44","2.81"
"5","Melbourne","Australian Open","1/19/2023","Grand Slam","Outdoor","Hard","2nd Round","5","Mmoh M.","Zverev A.","107","13","523","2560","6","7","6","4","6","3","6","2","","","3","1","Completed","4.5","1.2","5.26","1.2","5.26","1.22","4.73","1.19"
"5","Melbourne","Australian Open","1/19/2023","Grand Slam","Outdoor","Hard","2nd Round","5","Dimitrov G.","Djere L.","28","68","1395","758","6","3","6","2","6","0","","","","","3","0","Completed","1.29","3.75","1.27","4.16","1.3","4.35","1.25","3.97"
"5","Melbourne","Australian Open","1/19/2023","Grand Slam","Outdoor","Hard","2nd Round","5","Rune H.","Cressy M.","10","41","2876","992","7","5","6","4","6","4","","","","","3","0","Completed","1.17","5","1.2","5.21","1.2","5.5","1.18","5.01"
"5","Melbourne","Australian Open","1/19/2023","Grand Slam","Outdoor","Hard","2nd Round","5","Bautista Agut R.","Holt B.","25","215","1675","255","4","6","2","6","6","3","6","2","6","2","3","2","Completed","1.1","7","1.1","8.84","1.13","8.84","1.09","7.64"
"5","Melbourne","Australian Open","1/19/2023","Grand Slam","Outdoor","Hard","2nd Round","5","Bonzi B.","Carreno Busta P.","48","15","911","2420","4","6","4","6","7","6","6","1","7","6","3","2","Completed","3.2","1.36","3.41","1.37","3.41","1.4","3.17","1.36"
"5","Melbourne","Australian Open","1/19/2023","Grand Slam","Outdoor","Hard","2nd Round","5","De Minaur A.","Mannarino A.","24","45","1710","971","7","6","4","6","6","4","6","1","","","3","1","Completed","1.17","5","1.18","5.68","1.19","5.68","1.17","5.13"
"5","Melbourne","Australian Open","1/19/2023","Grand Slam","Outdoor","Hard","2nd Round","5","Djokovic N.","Couacaud E.","5","191","5070","302","6","1","6","7","6","2","6","0","","","3","1","Completed","1.01","29","1.01","42","1.02","42","1.01","22.36"
"5","Melbourne","Australian Open","1/19/2023","Grand Slam","Outdoor","Hard","2nd Round","5","Murray A.","Kokkinakis T.","66","159","770","362","4","6","6","7","7","6","6","3","7","5","3","2","Completed","2.38","1.57","2.56","1.58","2.56","1.64","2.42","1.57"
"5","Melbourne","Australian Open","1/20/2023","Grand Slam","Outdoor","Hard","3rd Round","5","Sinner J.","Fucsovics M.","16","78","2375","687","4","6","4","6","6","1","6","2","6","0","3","2","Completed","1.1","7","1.13","7.22","1.17","7.22","1.11","6.6"
"5","Melbourne","Australian Open","1/20/2023","Grand Slam","Outdoor","Hard","3rd Round","5","Tsitsipas S.","Griekspoor T.","4","63","5715","789","6","2","7","6","6","3","","","","","3","0","Completed","1.1","7","1.09","9.21","1.11","9.43","1.09","7.71"
"5","Melbourne","Australian Open","1/20/2023","Grand Slam","Outdoor","Hard","3rd Round","5","Nishioka Y.","Mcdonald M.","33","65","1212","775","7","6","6","3","6","2","","","","","3","0","Completed","1.57","2.38","1.61","2.49","1.61","2.56","1.57","2.41"
"5","Melbourne","Australian Open","1/20/2023","Grand Slam","Outdoor","Hard","3rd Round","5","Auger-Aliassime F.","Cerundolo F.","7","29","3895","1383","6","1","3","6","6","1","6","4","","","3","1","Completed","1.11","6.5","1.1","8.61","1.13","8.61","1.09","7.38"
"5","Melbourne","Australian Open","1/20/2023","Grand Slam","Outdoor","Hard","3rd Round","5","Lehecka J.","Norrie C.","71","12","717","2680","6","7","6","3","3","6","6","1","6","4","3","2","Completed","3.4","1.33","4.04","1.29","4.04","1.34","3.62","1.29"
"5","Melbourne","Australian Open","1/20/2023","Grand Slam","Outdoor","Hard","3rd Round","5","Hurkacz H.","Shapovalov D.","11","22","2860","1830","7","6","6","4","1","6","4","6","6","3","3","2","Completed","1.91","1.91","1.91","2","1.94","2.05","1.89","1.93"
"5","Melbourne","Australian Open","1/20/2023","Grand Slam","Outdoor","Hard","3rd Round","5","Khachanov K.","Tiafoe F.","20","17","1885","2260","6","3","6","4","3","6","7","6","","","3","1","Completed","2","1.8","2.06","1.86","2.06","1.91","1.98","1.83"
"5","Melbourne","Australian Open","1/20/2023","Grand Slam","Outdoor","Hard","3rd Round","5","Korda S.","Medvedev D.","31","8","1325","3860","7","6","6","3","7","6","","","","","3","0","Completed","4.5","1.2","4.83","1.22","4.83","1.23","4.56","1.2"
"5","Melbourne","Australian Open","1/21/2023","Grand Slam","Outdoor","Hard","3rd Round","5","Rublev A.","Evans D.","6","30","3930","1380","6","4","6","2","6","3","","","","","3","0","Completed","1.3","3.5","1.36","3.46","1.36","3.75","1.31","3.49"
"5","Melbourne","Australian Open","1/21/2023","Grand Slam","Outdoor","Hard","3rd Round","5","Rune H.","Humbert U.","10","106","2876","523","6","4","6","2","7","6","","","","","3","0","Completed","1.17","5","1.22","4.93","1.22","5.2","1.19","4.71"
"5","Melbourne","Australian Open","1/21/2023","Grand Slam","Outdoor","Hard","3rd Round","5","De Minaur A.","Bonzi B.","24","48","1710","911","7","6","6","2","6","1","","","","","3","0","Completed","1.22","4.33","1.23","4.78","1.27","4.78","1.22","4.42"
"5","Melbourne","Australian Open","1/21/2023","Grand Slam","Outdoor","Hard","3rd Round","5","Paul T.","Brooksby J.","35","39","1160","1010","6","1","6","4","6","3","","","","","3","0","Completed","1.67","2.2","1.71","2.27","1.74","2.35","1.68","2.2"
"5","Melbourne","Australian Open","1/21/2023","Grand Slam","Outdoor","Hard","3rd Round","5","Wolf J.J.","Mmoh M.","67","107","758","523","6","4","6","1","6","2","","","","","3","0","Completed","1.33","3.4","1.35","3.52","1.42","3.6","1.34","3.29"
"5","Melbourne","Australian Open","1/21/2023","Grand Slam","Outdoor","Hard","3rd Round","5","Shelton B.","Popyrin A.","89","113","604","506","6","3","7","6","6","4","","","","","3","0","Completed","2.3","1.62","2.4","1.65","2.63","1.69","2.34","1.61"
"5","Melbourne","Australian Open","1/21/2023","Grand Slam","Outdoor","Hard","3rd Round","5","Bautista Agut R.","Murray A.","25","66","1675","770","6","1","6","7","6","3","6","4","","","3","1","Completed","1.33","3.4","1.37","3.41","1.4","4","1.34","3.3"
"5","Melbourne","Australian Open","1/21/2023","Grand Slam","Outdoor","Hard","3rd Round","5","Djokovic N.","Dimitrov G.","5","28","5070","1395","7","6","6","3","6","4","","","","","3","0","Completed","1.2","4.5","1.25","4.52","1.25","5.5","1.2","4.59"
"5","Melbourne","Australian Open","1/22/2023","Grand Slam","Outdoor","Hard","4th Round","5","Korda S.","Hurkacz H.","31","11","1325","2860","3","6","6","3","6","2","1","6","7","6","3","2","Completed","1.53","2.5","1.64","2.41","1.65","2.65","1.58","2.4"
"5","Melbourne","Australian Open","1/22/2023","Grand Slam","Outdoor","Hard","4th Round","5","Khachanov K.","Nishioka Y.","20","33","1885","1212","6","0","6","0","7","6","","","","","3","0","Completed","1.4","3","1.47","2.95","1.53","3","1.43","2.86"
"5","Melbourne","Australian Open","1/22/2023","Grand Slam","Outdoor","Hard","4th Round","5","Lehecka J.","Auger-Aliassime F.","71","7","717","3895","4","6","6","3","7","6","7","6","","","3","1","Completed","4.5","1.2","4.72","1.23","4.89","1.25","4.34","1.22"
"5","Melbourne","Australian Open","1/22/2023","Grand Slam","Outdoor","Hard","4th Round","5","Tsitsipas S.","Sinner J.","4","16","5715","2375","6","4","6","4","3","6","4","6","6","3","3","2","Completed","1.44","2.75","1.51","2.77","1.52","3.11","1.47","2.71"
"5","Melbourne","Australian Open","1/23/2023","Grand Slam","Outdoor","Hard","4th Round","5","Shelton B.","Wolf J.J.","89","67","604","758","6","7","6","2","6","7","7","6","6","2","3","2","Completed","1.91","1.91","2","1.9","2","2","1.93","1.89"
"5","Melbourne","Australian Open","1/23/2023","Grand Slam","Outdoor","Hard","4th Round","5","Rublev A.","Rune H.","6","10","3930","2876","6","3","3","6","6","3","4","6","7","6","3","2","Completed","2.1","1.73","2.17","1.78","2.25","1.78","2.12","1.74"
"5","Melbourne","Australian Open","1/23/2023","Grand Slam","Outdoor","Hard","4th Round","5","Paul T.","Bautista Agut R.","35","25","1160","1675","6","2","4","6","6","2","7","5","","","3","1","Completed","1.73","2.1","1.77","2.18","1.81","2.3","1.73","2.13"
"5","Melbourne","Australian Open","1/23/2023","Grand Slam","Outdoor","Hard","4th Round","5","Djokovic N.","De Minaur A.","5","24","5070","1710","6","2","6","1","6","2","","","","","3","0","Completed","1.2","4.5","1.25","4.51","1.26","4.75","1.21","4.4"
"5","Melbourne","Australian Open","1/24/2023","Grand Slam","Outdoor","Hard","Quarterfinals","5","Khachanov K.","Korda S.","20","31","1885","1325","7","6","6","3","3","0","","","","","2","0","Retired","2","1.8","2.13","1.8","2.24","1.86","2.07","1.78"
"5","Melbourne","Australian Open","1/24/2023","Grand Slam","Outdoor","Hard","Quarterfinals","5","Tsitsipas S.","Lehecka J.","4","71","5715","717","6","3","7","6","6","4","","","","","3","0","Completed","1.14","5.5","1.18","5.79","1.2","6","1.16","5.49"
"5","Melbourne","Australian Open","1/25/2023","Grand Slam","Outdoor","Hard","Quarterfinals","5","Paul T.","Shelton B.","35","89","1160","604","7","6","6","3","5","7","6","4","","","3","1","Completed","1.33","3.4","1.33","3.67","1.39","3.67","1.35","3.28"
"5","Melbourne","Australian Open","1/25/2023","Grand Slam","Outdoor","Hard","Quarterfinals","5","Djokovic N.","Rublev A.","5","6","5070","3930","6","1","6","2","6","4","","","","","3","0","Completed","1.11","6.5","1.15","6.53","1.18","7.1","1.13","6.25"
"5","Melbourne","Australian Open","1/27/2023","Grand Slam","Outdoor","Hard","Semifinals","5","Tsitsipas S.","Khachanov K.","4","20","5715","1885","7","6","6","4","6","7","6","3","","","3","1","Completed","1.3","3.5","1.3","3.95","1.4","3.95","1.32","3.48"
"5","Melbourne","Australian Open","1/27/2023","Grand Slam","Outdoor","Hard","Semifinals","5","Djokovic N.","Paul T.","5","35","5070","1160","7","5","6","1","6","2","","","","","3","0","Completed","1.05","11","1.08","10.57","1.08","12.29","1.05","10.67"
"5","Melbourne","Australian Open","1/29/2023","Grand Slam","Outdoor","Hard","The Final","5","Djokovic N.","Tsitsipas S.","5","4","5070","5715","6","3","7","6","7","6","","","","","3","0","Completed","1.2","4.8","1.22","4.85","1.23","5.25","1.2","4.69"
"6","Cordoba","Cordoba Open","2/6/2023","ATP250","Outdoor","Clay","1st Round","3","Zapata Miralles B.","Carballes Baena R.","76","77","702","695","6","7","6","3","7","5","","","","","2","1","Completed","2.63","1.5","2.58","1.56","2.95","1.56","2.53","1.51"
"6","Cordoba","Cordoba Open","2/6/2023","ATP250","Outdoor","Clay","1st Round","3","Lajovic D.","Varillas J. P.","89","98","591","541","7","6","6","3","","","","","","","2","0","Completed","2.2","1.67","2.19","1.75","2.2","1.8","2.13","1.7"
"6","Cordoba","Cordoba Open","2/7/2023","ATP250","Outdoor","Clay","1st Round","3","Cerundolo J.M.","Andujar P.","114","153","460","377","6","4","1","0","","","","","","","1","0","Retired","1.2","4.5","1.22","4.76","1.25","5.08","1.21","4.35"
"6","Cordoba","Cordoba Open","2/7/2023","ATP250","Outdoor","Clay","1st Round","3","Darderi L.","Gaston H.","200","101","291","533","6","4","6","3","","","","","","","2","0","Completed","1.73","2.1","1.76","2.17","1.76","2.42","1.7","2.13"
"6","Cordoba","Cordoba Open","2/7/2023","ATP250","Outdoor","Clay","1st Round","3","Coria F.","Monteiro T.","67","78","775","690","6","7","6","1","6","2","","","","","2","1","Completed","1.62","2.3","1.63","2.4","1.67","2.4","1.62","2.26"
"6","Cordoba","Cordoba Open","2/7/2023","ATP250","Outdoor","Clay","1st Round","3","Barrios M.","Galan D.E.","212","83","256","614","7","6","6","2","","","","","","","2","0","Completed","1.8","2","1.85","2.05","2","2.05","1.9","1.89"
"6","Cordoba","Cordoba Open","2/7/2023","ATP250","Outdoor","Clay","1st Round","3","Garin C.","Martinez P.","103","72","526","746","7","6","2","6","6","0","","","","","2","1","Completed","1.8","2","1.77","2.16","1.87","2.16","1.77","2.03"
"6","Cordoba","Cordoba Open","2/7/2023","ATP250","Outdoor","Clay","1st Round","3","Delbonis F.","Tabilo A.","131","146","426","394","6","7","6","2","7","6","","","","","2","1","Completed","2","1.8","2","1.89","2","1.9","1.96","1.82"
"6","Cordoba","Cordoba Open","2/8/2023","ATP250","Outdoor","Clay","1st Round","3","Pella G.","Vavassori A.","1018","221","10","248","6","2","6","2","","","","","","","2","0","Completed","2.5","1.53","2.64","1.54","2.64","1.57","2.48","1.53"
"6","Cordoba","Cordoba Open","2/8/2023","ATP250","Outdoor","Clay","1st Round","3","Sousa J.","Etcheverry T.","162","81","362","651","3","6","7","6","6","4","","","","","2","1","Completed","3.75","1.29","3.9","1.29","3.9","1.29","3.65","1.28"
"6","Cordoba","Cordoba Open","2/8/2023","ATP250","Outdoor","Clay","1st Round","3","Cecchinato M.","Bagnis F.","93","88","572","595","6","2","7","6","","","","","","","2","0","Completed","2.1","1.73","2.14","1.78","2.2","1.8","2.1","1.72"
"6","Cordoba","Cordoba Open","2/8/2023","ATP250","Outdoor","Clay","1st Round","3","Dellien H.","Cachin P.","138","66","411","777","6","3","6","4","","","","","","","2","0","Completed","1.62","2.3","1.63","2.42","1.65","2.42","1.6","2.3"
"6","Cordoba","Cordoba Open","2/8/2023","ATP250","Outdoor","Clay","2nd Round","3","Barrios M.","Zapata Miralles B.","212","76","256","702","5","7","6","4","6","3","","","","","2","1","Completed","2.38","1.57","2.22","1.74","2.4","1.74","2.2","1.66"
"6","Cordoba","Cordoba Open","2/9/2023","ATP250","Outdoor","Clay","2nd Round","3","Baez S.","Darderi L.","47","200","895","291","6","3","6","4","","","","","","","2","0","Completed","1.44","2.75","1.52","2.73","1.55","2.78","1.49","2.6"
"6","Cordoba","Cordoba Open","2/9/2023","ATP250","Outdoor","Clay","2nd Round","3","Sousa J.","Garin C.","162","103","362","526","7","5","7","6","","","","","","","2","0","Completed","4","1.25","4.24","1.27","4.24","1.33","3.88","1.25"
"6","Cordoba","Cordoba Open","2/9/2023","ATP250","Outdoor","Clay","2nd Round","3","Coria F.","Cecchinato M.","67","93","775","572","6","3","3","1","","","","","","","1","0","Retired","1.57","2.38","1.55","2.64","1.62","2.67","1.55","2.43"
"6","Cordoba","Cordoba Open","2/9/2023","ATP250","Outdoor","Clay","2nd Round","3","Dellien H.","Pella G.","138","1018","411","10","6","3","6","4","","","","","","","2","0","Completed","1.44","2.75","1.47","2.91","1.48","2.91","1.44","2.76"
"6","Cordoba","Cordoba Open","2/9/2023","ATP250","Outdoor","Clay","2nd Round","3","Ramos-Vinolas A.","Lajovic D.","54","89","845","591","6","4","2","6","6","2","","","","","2","1","Completed","1.73","2.1","1.85","2.07","1.85","2.21","1.74","2.08"
"6","Cordoba","Cordoba Open","2/9/2023","ATP250","Outdoor","Clay","2nd Round","3","Cerundolo F.","Delbonis F.","31","131","1377","426","6","3","3","6","7","5","","","","","2","1","Completed","1.53","2.5","1.6","2.52","1.62","2.61","1.56","2.4"
"6","Cordoba","Cordoba Open","2/10/2023","ATP250","Outdoor","Clay","2nd Round","3","Cerundolo J.M.","Schwartzman D.","114","28","460","1460","7","6","6","1","","","","","","","2","0","Completed","2.1","1.73","2.05","1.87","2.11","1.87","2.04","1.77"
"6","Cordoba","Cordoba Open","2/10/2023","ATP250","Outdoor","Clay","Quarterfinals","3","Ramos-Vinolas A.","Sousa J.","54","162","845","362","6","4","2","6","6","1","","","","","2","1","Completed","1.36","3.2","1.4","3.2","1.4","3.26","1.36","3.1"
"6","Cordoba","Cordoba Open","2/10/2023","ATP250","Outdoor","Clay","Quarterfinals","3","Coria F.","Cerundolo F.","67","31","775","1377","6","3","3","0","","","","","","","1","0","Retired","1.67","2.2","1.7","2.29","1.72","2.35","1.65","2.22"
"6","Cordoba","Cordoba Open","2/10/2023","ATP250","Outdoor","Clay","Quarterfinals","3","Baez S.","Barrios M.","47","212","895","256","6","1","3","6","6","1","","","","","2","1","Completed","1.36","3.2","1.4","3.22","1.4","3.3","1.36","3.1"
"6","Cordoba","Cordoba Open","2/10/2023","ATP250","Outdoor","Clay","Quarterfinals","3","Dellien H.","Cerundolo J.M.","138","114","411","460","6","7","6","4","6","0","","","","","2","1","Completed","2.3","1.62","2.3","1.69","2.33","1.71","2.23","1.64"
"6","Cordoba","Cordoba Open","2/11/2023","ATP250","Outdoor","Clay","Semifinals","3","Coria F.","Ramos-Vinolas A.","67","54","775","845","6","4","7","6","","","","","","","2","0","Completed","1.73","2.1","1.82","2.1","1.82","2.13","1.74","2.08"
"6","Cordoba","Cordoba Open","2/11/2023","ATP250","Outdoor","Clay","Semifinals","3","Baez S.","Dellien H.","47","138","895","411","6","4","6","4","","","","","","","2","0","Completed","1.44","2.75","1.52","2.72","1.53","2.8","1.48","2.63"
"6","Cordoba","Cordoba Open","2/12/2023","ATP250","Outdoor","Clay","The Final","3","Baez S.","Coria F.","47","67","895","775","6","1","3","6","6","3","","","","","2","1","Completed","1.53","2.5","1.67","2.35","1.67","2.62","1.59","2.35"
"7","Dallas","Dallas Open","2/7/2023","ATP250","Indoor","Hard","1st Round","3","Sock J.","Ivashka I.","141","74","405","715","7","6","4","6","6","4","","","","","2","1","Completed","3","1.4","2.88","1.47","3","1.48","2.8","1.43"
"7","Dallas","Dallas Open","2/7/2023","ATP250","Indoor","Hard","1st Round","3","Giron M.","Rybakov A.","55","378","841","123","6","4","6","7","6","1","","","","","2","1","Completed","1.14","5.5","1.18","5.61","1.18","5.8","1.16","5.23"
"7","Dallas","Dallas Open","2/7/2023","ATP250","Indoor","Hard","1st Round","3","Mcdonald M.","Verdasco F.","59","118","820","452","6","3","6","0","","","","","","","2","0","Completed","1.25","4","1.26","4.64","1.28","4.64","1.25","3.93"
"7","Dallas","Dallas Open","2/7/2023","ATP250","Indoor","Hard","1st Round","3","Thompson J.","Kudla D.","84","92","604","573","6","1","7","5","","","","","","","2","0","Completed","1.73","2.1","1.74","2.2","1.8","2.23","1.72","2.11"
"7","Dallas","Dallas Open","2/7/2023","ATP250","Indoor","Hard","1st Round","3","Mannarino A.","Johnson S.","63","120","791","448","7","6","6","2","","","","","","","2","0","Completed","1.57","2.38","1.58","2.51","1.62","2.53","1.57","2.38"
"7","Dallas","Dallas Open","2/7/2023","ATP250","Indoor","Hard","1st Round","3","Wolf J.J.","Holt B.","43","195","922","302","6","3","6","3","","","","","","","2","0","Completed","1.33","3.4","1.33","3.6","1.37","3.84","1.33","3.26"
"7","Dallas","Dallas Open","2/8/2023","ATP250","Indoor","Hard","1st Round","3","Albot R.","Krall L.","123","N/A","443","N/A","2","6","6","4","6","2","","","","","2","1","Completed","1.05","11","1.07","11.44","1.07","13","1.05","10.45"
"7","Dallas","Dallas Open","2/8/2023","ATP250","Indoor","Hard","1st Round","3","Wu Y.","Mmoh M.","97","86","544","599","6","3","3","6","6","3","","","","","2","1","Completed","1.67","2.2","1.71","2.25","1.78","2.3","1.7","2.15"
"7","Dallas","Dallas Open","2/8/2023","ATP250","Indoor","Hard","1st Round","3","Isner J.","Tseng C. H.","39","108","980","500","7","6","7","6","","","","","","","2","0","Completed","1.25","4","1.32","3.7","1.33","4.04","1.28","3.6"
"7","Dallas","Dallas Open","2/8/2023","ATP250","Indoor","Hard","1st Round","3","Gomez E.","Diallo G.","102","211","533","260","6","4","6","7","7","6","","","","","2","1","Completed","1.73","2.1","1.87","2.05","2","1.8","2","1.8"
"7","Dallas","Dallas Open","2/8/2023","ATP250","Indoor","Hard","1st Round","3","Altmaier D.","Svajda Z.","99","265","539","203","6","2","6","4","","","","","","","2","0","Completed","1.91","1.91","1.98","1.91","2.01","2","1.9","1.89"
"7","Dallas","Dallas Open","2/8/2023","ATP250","Indoor","Hard","1st Round","3","Otte O.","Eubanks C.","80","104","666","524","6","4","4","6","6","2","","","","","2","1","Completed","2.3","1.62","2.61","1.55","2.65","1.64","2.41","1.56"
"7","Dallas","Dallas Open","2/8/2023","ATP250","Indoor","Hard","2nd Round","3","Wolf J.J.","Albot R.","43","123","922","443","6","3","7","6","","","","","","","2","0","Completed","1.14","5.5","1.17","5.85","1.17","6.05","1.15","5.37"
"7","Dallas","Dallas Open","2/9/2023","ATP250","Indoor","Hard","2nd Round","3","Tiafoe F.","Mcdonald M.","14","59","2305","820","6","1","6","3","","","","","","","2","0","Completed","1.5","2.63","1.56","2.61","1.58","2.63","1.53","2.49"
"7","Dallas","Dallas Open","2/9/2023","ATP250","Indoor","Hard","2nd Round","3","Wu Y.","Shapovalov D.","97","27","544","1560","7","6","6","4","","","","","","","2","0","Completed","3.2","1.36","3.04","1.44","3.32","1.45","2.96","1.39"
"7","Dallas","Dallas Open","2/9/2023","ATP250","Indoor","Hard","2nd Round","3","Gomez E.","Kecmanovic M.","102","33","533","1275","2","6","7","6","6","4","","","","","2","1","Completed","3.75","1.29","3.89","1.3","4","1.31","3.63","1.28"
"7","Dallas","Dallas Open","2/9/2023","ATP250","Indoor","Hard","2nd Round","3","Mannarino A.","Thompson J.","63","84","791","604","6","2","7","6","","","","","","","2","0","Completed","1.53","2.5","1.59","2.53","1.61","2.53","1.57","2.39"
"7","Dallas","Dallas Open","2/9/2023","ATP250","Indoor","Hard","2nd Round","3","Isner J.","Altmaier D.","39","99","980","539","6","3","7","6","","","","","","","2","0","Completed","1.44","2.75","1.46","2.94","1.54","3.75","1.43","2.81"
"7","Dallas","Dallas Open","2/10/2023","ATP250","Indoor","Hard","2nd Round","3","Fritz T.","Sock J.","8","141","3410","405","7","6","6","4","","","","","","","2","0","Completed","1.11","6.5","1.14","6.68","1.15","6.68","1.13","5.98"
"7","Dallas","Dallas Open","2/10/2023","ATP250","Indoor","Hard","2nd Round","3","Giron M.","Otte O.","55","80","841","666","6","4","6","3","","","","","","","2","0","Completed","1.5","2.63","1.54","2.66","1.57","2.7","1.51","2.54"
"7","Dallas","Dallas Open","2/10/2023","ATP250","Indoor","Hard","Quarterfinals","3","Wolf J.J.","Tiafoe F.","43","14","922","2305","4","6","6","3","6","4","","","","","2","1","Completed","2.75","1.44","2.91","1.47","2.91","1.48","2.77","1.44"
"7","Dallas","Dallas Open","2/10/2023","ATP250","Indoor","Hard","Quarterfinals","3","Isner J.","Gomez E.","39","102","980","533","7","6","7","5","","","","","","","2","0","Completed","1.25","4","1.27","4.17","1.28","4.33","1.24","4"
"7","Dallas","Dallas Open","2/11/2023","ATP250","Indoor","Hard","Quarterfinals","3","Fritz T.","Giron M.","8","55","3410","841","7","6","3","6","6","3","","","","","2","1","Completed","1.22","4.33","1.26","4.31","1.27","4.7","1.23","4.11"
"7","Dallas","Dallas Open","2/11/2023","ATP250","Indoor","Hard","Quarterfinals","3","Wu Y.","Mannarino A.","97","63","544","791","6","3","6","4","","","","","","","2","0","Completed","2","1.8","2.09","1.83","2.1","1.83","2.02","1.78"
"7","Dallas","Dallas Open","2/11/2023","ATP250","Indoor","Hard","Semifinals","3","Isner J.","Wolf J.J.","39","43","980","922","3","6","7","5","7","6","","","","","2","1","Completed","2.1","1.73","2.22","1.74","2.25","1.78","2.12","1.72"
"7","Dallas","Dallas Open","2/11/2023","ATP250","Indoor","Hard","Semifinals","3","Wu Y.","Fritz T.","97","8","544","3410","6","7","7","5","6","4","","","","","2","1","Completed","3.75","1.29","3.88","1.3","3.9","1.33","3.62","1.29"
"7","Dallas","Dallas Open","2/12/2023","ATP250","Indoor","Hard","The Final","3","Wu Y.","Isner J.","97","39","544","980","6","7","7","6","7","6","","","","","2","1","Completed","1.8","2","1.87","2.04","1.92","2.1","1.83","1.97"
"8","Montpellier","Open Sud de France","2/6/2023","ATP250","Indoor","Hard","1st Round","3","Fils A.","Gasquet R.","163","45","361","910","7","5","7","5","","","","","","","2","0","Completed","2.63","1.5","2.68","1.52","2.74","1.55","2.57","1.5"
"8","Montpellier","Open Sud de France","2/6/2023","ATP250","Indoor","Hard","1st Round","3","Basilashvili N.","Lestienne C.","87","48","595","879","6","7","7","5","6","2","","","","","2","1","Completed","3","1.4","3.01","1.43","3.2","1.47","2.89","1.41"
"8","Montpellier","Open Sud de France","2/7/2023","ATP250","Indoor","Hard","1st Round","3","Krajinovic F.","Karatsev A.","71","95","755","555","3","6","7","6","6","2","","","","","2","1","Completed","1.8","2","1.83","2.06","1.87","2.08","1.8","2"
"8","Montpellier","Open Sud de France","2/7/2023","ATP250","Indoor","Hard","1st Round","3","Halys Q.","Chidekh C.","70","434","756","101","7","5","2","6","7","5","","","","","2","1","Completed","1.33","3.4","1.35","3.5","1.35","3.6","1.31","3.39"
"8","Montpellier","Open Sud de France","2/7/2023","ATP250","Indoor","Hard","1st Round","3","Cressy M.","Bellier A.","51","190","857","313","6","3","6","2","","","","","","","2","0","Completed","1.22","4.33","1.23","4.67","1.28","4.67","1.21","4.3"
"8","Montpellier","Open Sud de France","2/7/2023","ATP250","Indoor","Hard","1st Round","3","Fucsovics M.","Blancaneaux G.","69","151","767","379","7","5","5","7","6","0","","","","","2","1","Completed","1.29","3.75","1.34","3.55","1.34","3.75","1.31","3.42"
"8","Montpellier","Open Sud de France","2/7/2023","ATP250","Indoor","Hard","1st Round","3","Huesler M.A.","Van Assche L.","49","145","876","397","6","3","3","6","6","3","","","","","2","1","Completed","1.44","2.75","1.46","2.9","1.5","3","1.44","2.76"
"8","Montpellier","Open Sud de France","2/7/2023","ATP250","Indoor","Hard","1st Round","3","Sonego L.","Bonzi B.","56","42","835","956","6","3","6","4","","","","","","","2","0","Completed","2","1.8","2","1.89","2","1.92","1.94","1.85"
"8","Montpellier","Open Sud de France","2/7/2023","ATP250","Indoor","Hard","1st Round","3","Rinderknech A.","Nardi L.","68","164","772","360","6","4","6","4","","","","","","","2","0","Completed","1.57","2.38","1.66","2.34","1.67","2.45","1.61","2.3"
"8","Montpellier","Open Sud de France","2/8/2023","ATP250","Indoor","Hard","1st Round","3","Ruusuvuori E.","Ymer M.","53","73","846","741","6","4","6","0","","","","","","","2","0","Completed","2","1.8","1.95","1.93","2","1.95","1.93","1.86"
"8","Montpellier","Open Sud de France","2/8/2023","ATP250","Indoor","Hard","1st Round","3","Davidovich Fokina A.","Humbert U.","32","85","1325","603","1","6","7","6","","","","","","","1","1","Retired","2.2","1.67","2.22","1.73","2.25","1.74","2.16","1.68"
"8","Montpellier","Open Sud de France","2/8/2023","ATP250","Indoor","Hard","1st Round","3","Barrere G.","Bublik A.","75","50","713","865","6","4","6","7","7","6","","","","","2","1","Completed","1.8","2","1.89","2","1.9","2.1","1.79","2.01"
"8","Montpellier","Open Sud de France","2/8/2023","ATP250","Indoor","Hard","2nd Round","3","Sinner J.","Fucsovics M.","17","69","2195","767","","","","","","","","","","","","","Walkover","1.14","5.5","1.18","5.57","1.18","5.82","1.16","5.06"
"8","Montpellier","Open Sud de France","2/8/2023","ATP250","Indoor","Hard","2nd Round","3","Fils A.","Bautista Agut R.","163","24","361","1740","6","3","6","4","","","","","","","2","0","Completed","3.75","1.29","3.99","1.29","4.12","1.32","3.75","1.27"
"8","Montpellier","Open Sud de France","2/9/2023","ATP250","Indoor","Hard","2nd Round","3","Cressy M.","Ruusuvuori E.","51","53","857","846","6","4","6","4","","","","","","","2","0","Completed","2.75","1.44","2.82","1.5","2.87","1.57","2.71","1.45"
"8","Montpellier","Open Sud de France","2/9/2023","ATP250","Indoor","Hard","2nd Round","3","Halys Q.","Davidovich Fokina A.","70","32","756","1325","6","3","6","3","","","","","","","2","0","Completed","2.1","1.73","2.08","1.84","2.19","1.84","2.06","1.75"
"8","Montpellier","Open Sud de France","2/9/2023","ATP250","Indoor","Hard","2nd Round","3","Sonego L.","Krajinovic F.","56","71","835","755","7","5","6","1","","","","","","","2","0","Completed","1.53","2.5","1.61","2.47","1.67","2.61","1.56","2.39"
"8","Montpellier","Open Sud de France","2/9/2023","ATP250","Indoor","Hard","2nd Round","3","Coric B.","Rinderknech A.","23","68","1770","772","6","3","7","5","","","","","","","2","0","Completed","1.4","3","1.46","2.95","1.48","3","1.42","2.82"
"8","Montpellier","Open Sud de France","2/9/2023","ATP250","Indoor","Hard","2nd Round","3","Rune H.","Huesler M.A.","9","49","3046","876","7","6","6","2","","","","","","","2","0","Completed","1.3","3.5","1.33","3.67","1.34","3.67","1.3","3.43"
"8","Montpellier","Open Sud de France","2/9/2023","ATP250","Indoor","Hard","2nd Round","3","Barrere G.","Basilashvili N.","75","87","713","595","6","3","6","4","","","","","","","2","0","Completed","1.53","2.5","1.63","2.45","1.63","2.88","1.54","2.45"
"8","Montpellier","Open Sud de France","2/10/2023","ATP250","Indoor","Hard","Quarterfinals","3","Fils A.","Halys Q.","163","70","361","756","7","6","6","3","","","","","","","2","0","Completed","2","1.8","2.08","1.84","2.15","1.84","2.01","1.79"
"8","Montpellier","Open Sud de France","2/10/2023","ATP250","Indoor","Hard","Quarterfinals","3","Sinner J.","Sonego L.","17","56","2195","835","6","4","6","2","","","","","","","2","0","Completed","1.3","3.5","1.34","3.57","1.34","3.85","1.3","3.49"
"8","Montpellier","Open Sud de France","2/10/2023","ATP250","Indoor","Hard","Quarterfinals","3","Rune H.","Barrere G.","9","75","3046","713","7","6","7","6","","","","","","","2","0","Completed","1.2","4.5","1.19","5.36","1.21","5.54","1.18","4.82"
"8","Montpellier","Open Sud de France","2/10/2023","ATP250","Indoor","Hard","Quarterfinals","3","Cressy M.","Coric B.","51","23","857","1770","7","6","6","4","","","","","","","2","0","Completed","3.2","1.36","3.26","1.39","3.26","1.43","3.07","1.36"
"8","Montpellier","Open Sud de France","2/11/2023","ATP250","Indoor","Hard","Semifinals","3","Sinner J.","Fils A.","17","163","2195","361","7","5","6","2","","","","","","","2","0","Completed","1.25","4","1.25","4.5","1.27","4.5","1.24","4.02"
"8","Montpellier","Open Sud de France","2/11/2023","ATP250","Indoor","Hard","Semifinals","3","Cressy M.","Rune H.","51","9","857","3046","7","5","6","7","7","6","","","","","2","1","Completed","4","1.25","4.37","1.26","4.37","1.28","4.05","1.24"
"8","Montpellier","Open Sud de France","2/12/2023","ATP250","Indoor","Hard","The Final","3","Sinner J.","Cressy M.","17","51","2195","857","7","6","6","3","","","","","","","2","0","Completed","1.3","3.5","1.33","3.69","1.35","4.03","1.3","3.5"
